S.N.,Date,Open,High,Low,Ltp,% Change,Qty,Turnover
1,2025-02-27,298.90,310.00,297.00,303.00,3.38,"72,598.00","21,975,153.20"
2,2025-02-25,295.50,297.80,292.00,293.10,-0.27,"36,537.00","10,756,621.50"
3,2025-02-24,292.00,299.00,292.00,293.90,-0.03,"31,364.00","9,243,592.20"
4,2025-02-23,290.10,299.00,285.00,294.00,-0.68,"54,840.00","16,102,961.80"
5,2025-02-20,300.00,300.00,295.00,296.00,-1.33,"41,190.00","12,208,324.30"
6,2025-02-18,298.00,301.90,296.00,300.00,1.69,"61,491.00","18,437,745.50"
7,2025-02-17,292.00,300.90,289.50,295.00,1.24,"70,893.00","20,876,768.90"
8,2025-02-16,293.00,295.00,289.30,291.40,-0.58,"30,069.00","8,740,886.80"
9,2025-02-13,295.30,295.30,290.10,293.10,0.55,"21,247.00","6,206,659.80"
10,2025-02-12,291.00,295.00,290.60,291.50,-0.10,"24,571.00","7,168,466.70"
11,2025-02-11,295.00,295.00,290.10,291.80,-1.08,"13,397.00","3,910,760.50"
12,2025-02-10,293.50,296.00,293.10,295.00,0.00,"16,601.00","4,874,477.00"
13,2025-02-09,298.00,301.00,293.20,295.00,-1.01,"22,682.00","6,712,938.70"
14,2025-02-06,297.00,302.00,296.70,298.00,0.27,"39,334.00","11,756,797.00"
15,2025-02-05,296.00,299.00,295.00,297.20,0.07,"27,079.00","8,045,263.80"
16,2025-02-04,300.00,304.90,297.00,297.00,-0.67,"51,668.00","15,563,801.00"
17,2025-02-03,296.00,303.90,296.00,299.00,1.39,"49,607.00","14,874,076.60"
18,2025-02-02,288.00,295.00,286.00,294.90,3.11,"53,452.00","15,597,732.30"
19,2025-01-28,285.00,287.00,281.10,286.00,0.88,"27,911.00","7,954,617.20"
20,2025-01-27,287.00,287.00,283.00,283.50,-1.43,"23,094.00","6,572,040.20"
21,2025-01-26,290.00,292.70,283.30,287.60,-0.48,"43,687.00","12,571,731.80"
22,2025-01-23,287.50,290.00,285.00,289.00,1.76,"40,746.00","11,768,404.10"
23,2025-01-22,281.00,284.90,280.50,284.00,1.07,"36,936.00","10,429,877.60"
24,2025-01-21,285.00,285.00,280.00,281.00,-1.40,"29,055.00","8,184,569.90"
25,2025-01-20,288.10,289.80,284.00,285.00,-0.52,"19,577.00","5,593,474.50"
26,2025-01-19,280.00,287.00,275.10,286.50,0.95,"41,611.00","11,706,566.70"
27,2025-01-16,285.00,286.00,280.00,283.80,-0.60,"46,231.00","13,046,285.40"
28,2025-01-15,293.00,293.00,285.00,285.50,-2.86,"47,411.00","13,598,084.00"
29,2025-01-13,297.00,297.00,290.50,293.90,-0.81,"38,612.00","11,284,248.10"
30,2025-01-12,305.50,305.50,296.30,296.30,-1.92,"23,901.00","7,116,068.10"
31,2025-01-09,302.00,303.90,299.50,302.10,0.00,"47,238.00","14,199,169.10"
32,2025-01-08,309.00,309.00,300.00,302.10,-0.30,"27,123.00","8,216,170.60"
33,2025-01-07,299.00,304.90,299.00,303.00,-0.66,"23,953.00","7,254,800.90"
34,2025-01-06,301.00,305.00,300.00,305.00,0.99,"33,107.00","10,004,250.90"
35,2025-01-05,310.00,310.00,300.10,302.00,-1.31,"31,591.00","9,548,285.40"
36,2025-01-02,307.00,308.00,304.00,306.00,-0.36,"28,790.00","8,795,851.90"
37,2025-01-01,314.00,315.00,307.00,307.10,-2.20,"33,089.00","10,242,782.00"
38,2024-12-31,321.90,321.90,309.80,314.00,-3.14,"52,420.00","16,402,482.90"
39,2024-12-29,334.20,337.00,332.00,333.90,0.03,"105,485.00","35,314,898.30"
40,2024-12-26,323.40,335.00,322.00,333.80,2.11,"53,904.00","17,759,346.60"
41,2024-12-24,327.40,329.00,322.10,326.90,0.58,"24,396.00","7,956,093.70"
42,2024-12-23,321.00,326.00,318.00,325.00,0.56,"34,848.00","11,232,673.40"
43,2024-12-22,317.60,326.40,317.60,323.20,-0.25,"30,552.00","9,872,536.00"
44,2024-12-19,328.90,328.90,323.80,324.00,0.47,"99,471.00","32,378,691.10"
45,2024-12-18,321.00,324.90,321.00,322.50,0.16,"27,913.00","9,012,849.10"
46,2024-12-17,322.00,324.90,319.10,322.00,0.31,"38,502.00","12,430,122.20"
47,2024-12-16,333.00,333.00,320.00,321.00,-3.60,"72,485.00","23,480,331.90"
48,2024-12-12,342.70,342.70,329.00,333.00,-0.89,"27,811.00","9,272,861.50"
49,2024-12-11,330.00,336.00,323.00,336.00,1.51,"69,547.00","22,915,794.50"
50,2024-12-10,340.00,340.00,330.00,331.00,-2.36,"46,578.00","15,550,207.20"
51,2024-12-09,341.60,345.00,336.70,339.00,-0.64,"32,050.00","10,878,210.80"
52,2024-12-08,346.10,349.00,340.00,341.20,-2.23,"53,335.00","18,317,019.60"
53,2024-12-05,350.20,352.10,348.00,349.00,-0.85,"35,035.00","12,267,815.40"
54,2024-12-04,358.60,358.60,350.50,352.00,0.11,"38,930.00","13,710,860.50"
55,2024-12-03,354.00,354.00,350.20,351.60,-0.23,"33,741.00","11,881,557.60"
56,2024-12-02,359.90,359.90,351.20,352.40,-0.90,"47,343.00","16,725,839.30"
57,2024-12-01,367.20,367.20,350.00,355.60,-1.22,"43,405.00","15,422,350.80"
58,2024-11-28,358.00,361.00,356.00,360.00,0.56,"42,328.00","15,176,775.50"
59,2024-11-27,358.00,358.40,356.00,358.00,0.34,"38,927.00","13,908,128.50"
60,2024-11-26,358.90,358.90,351.00,356.80,1.39,"28,610.00","10,128,807.80"
61,2024-11-25,357.00,357.00,350.00,351.90,0.54,"32,139.00","11,298,876.70"
62,2024-11-24,359.00,359.00,350.00,350.00,-0.85,"41,256.00","14,533,107.20"
63,2024-11-21,357.00,359.00,352.70,353.00,-1.64,"55,719.00","19,742,115.60"
64,2024-11-20,365.00,365.00,353.00,358.90,-0.06,"26,760.00","9,557,312.80"
65,2024-11-19,360.00,365.00,359.00,359.10,-1.07,"65,017.00","23,467,311.90"
66,2024-11-17,366.00,370.90,361.00,363.00,-0.58,"72,913.00","26,511,770.10"
67,2024-11-14,367.00,371.40,365.00,365.10,-0.57,"46,503.00","17,077,353.20"
68,2024-11-13,375.00,375.00,364.00,367.20,-0.49,"34,318.00","12,612,880.70"
69,2024-11-12,377.00,377.00,369.00,369.00,-0.27,"62,383.00","23,141,590.50"
70,2024-11-11,369.00,375.90,369.00,370.00,0.03,"71,670.00","26,728,029.50"
71,2024-11-10,373.40,373.40,363.00,369.90,1.04,"58,328.00","21,462,792.60"
72,2024-11-06,369.50,369.50,363.10,366.10,-0.11,"32,031.00","11,716,757.30"
73,2024-11-05,371.00,376.00,366.20,366.50,-1.35,"31,483.00","11,626,714.30"
74,2024-10-30,377.00,377.00,370.00,371.50,0.13,"33,749.00","12,577,446.70"
75,2024-10-29,367.00,373.30,366.00,371.00,1.37,"63,203.00","23,360,199.40"
76,2024-10-28,354.10,366.00,354.10,366.00,1.98,"44,073.00","15,958,086.90"
77,2024-10-27,354.80,365.00,354.80,358.90,-0.61,"43,996.00","15,803,994.90"
78,2024-10-24,373.00,373.00,352.80,361.10,-1.61,"118,792.00","42,683,503.80"
79,2024-10-23,378.10,384.00,365.00,367.00,-2.94,"135,310.00","50,127,693.20"
80,2024-10-22,375.50,382.00,374.20,378.10,0.13,"53,921.00","20,337,142.80"
81,2024-10-21,381.10,385.90,377.50,377.60,-2.33,"85,200.00","32,426,996.90"
82,2024-10-20,390.00,394.90,380.00,386.60,-1.88,"112,813.00","43,954,547.90"
83,2024-10-17,400.00,400.00,392.30,394.00,-0.35,"84,201.00","33,256,727.10"
84,2024-10-16,388.00,396.00,388.00,395.40,2.04,"88,954.00","35,037,706.50"
85,2024-10-15,383.50,389.00,381.00,387.50,1.04,"51,430.00","19,810,485.30"
86,2024-10-09,378.00,384.00,376.00,383.50,0.55,"52,289.00","19,865,539.80"
87,2024-10-08,387.00,387.00,378.00,381.40,-0.16,"55,126.00","21,053,876.70"
88,2024-10-07,378.00,385.00,378.00,382.00,1.06,"72,876.00","27,796,217.90"
89,2024-10-06,369.00,378.00,367.00,378.00,2.44,"89,543.00","33,569,771.20"
90,2024-10-02,370.10,377.00,359.00,369.00,-0.30,"79,249.00","29,332,657.80"
91,2024-10-01,357.00,372.00,357.00,370.10,3.52,"87,013.00","32,006,134.40"
92,2024-09-30,350.00,358.00,350.00,357.50,1.48,"36,555.00","13,010,791.50"
93,2024-09-29,357.00,357.00,350.00,352.30,-1.32,"35,272.00","12,434,920.10"
94,2024-09-26,359.00,365.00,355.00,357.00,-0.56,"34,594.00","12,391,495.70"
95,2024-09-25,351.00,359.90,348.90,359.00,2.22,"78,883.00","27,964,765.10"
96,2024-09-24,354.00,359.00,350.10,351.20,-0.79,"83,688.00","29,547,922.30"
97,2024-09-23,362.70,362.70,352.00,354.00,-0.45,"59,299.00","21,128,620.40"
98,2024-09-22,360.10,365.00,355.50,355.60,0.71,"61,970.00","22,226,710.50"
99,2024-09-18,350.00,357.90,346.00,353.10,1.15,"86,056.00","30,412,765.00"
100,2024-09-16,360.00,360.00,349.00,349.10,-3.03,"67,066.00","23,670,900.50"
101,2024-09-15,371.00,372.30,359.10,360.00,-1.37,"90,671.00","33,196,564.20"
102,2024-09-12,363.10,366.40,352.00,365.00,2.53,"61,295.00","22,062,319.00"
103,2024-09-11,365.20,365.20,350.00,356.00,-1.11,"88,445.00","31,608,632.10"
104,2024-09-10,364.00,368.90,358.20,360.00,-0.72,"66,020.00","23,952,823.80"
105,2024-09-09,368.00,374.50,362.60,362.60,-2.79,"86,782.00","31,794,821.30"
106,2024-09-08,378.40,378.40,370.00,373.00,0.00,"100,624.00","37,484,875.10"
107,2024-09-05,378.00,378.00,368.00,373.00,-1.01,"96,884.00","36,058,306.80"
108,2024-09-04,392.90,392.90,375.00,376.80,-2.18,"136,516.00","51,779,018.40"
109,2024-09-03,390.00,392.00,379.20,385.20,0.05,"108,022.00","41,601,901.10"
110,2024-09-02,373.00,387.00,371.00,385.00,3.22,"150,424.00","57,302,444.70"
111,2024-09-01,380.00,384.50,372.60,373.00,-0.90,"129,467.00","48,842,445.00"
112,2024-08-29,390.00,390.00,374.00,376.40,-1.59,"171,319.00","64,791,396.00"
113,2024-08-28,382.00,394.90,378.00,382.50,0.13,"173,834.00","67,225,870.20"
114,2024-08-27,397.00,397.00,379.00,382.00,-4.26,"316,327.00","122,150,553.40"
115,2024-08-25,402.80,415.00,398.20,399.00,-2.92,"280,315.00","112,712,398.50"
116,2024-08-22,411.00,420.20,410.30,411.00,-0.94,"184,187.00","76,391,676.00"
117,2024-08-21,412.00,417.00,406.00,414.90,1.20,"272,796.00","112,194,875.10"
118,2024-08-18,427.30,428.40,407.00,410.00,-2.15,"573,837.00","239,581,433.00"
119,2024-08-15,405.00,423.10,400.00,419.00,4.20,"511,952.00","213,614,740.50"
120,2024-08-14,402.00,406.00,396.00,402.10,0.53,"259,891.00","104,298,550.20"
121,2024-08-13,394.00,405.00,393.00,400.00,2.04,"357,409.00","142,668,050.90"
122,2024-08-12,383.90,392.50,383.10,392.00,2.11,"283,100.00","110,126,483.80"
123,2024-08-11,379.00,384.90,376.00,383.90,2.35,"303,869.00","115,793,416.40"
124,2024-08-08,380.00,384.90,375.00,375.10,-0.77,"134,799.00","50,962,171.50"
125,2024-08-07,372.10,380.40,367.00,378.00,1.59,"181,152.00","68,040,499.90"
126,2024-08-06,393.00,393.00,372.00,372.10,-3.60,"338,449.00","129,531,986.70"
127,2024-08-05,377.10,400.00,377.10,386.00,4.38,"622,697.00","241,206,158.60"
128,2024-08-01,383.00,383.00,369.50,369.80,-1.75,"302,530.00","112,890,009.80"
129,2024-07-31,373.00,384.90,370.10,376.40,-0.16,"287,817.00","109,362,943.20"
130,2024-07-30,384.50,384.50,362.00,377.00,0.00,"230,971.00","85,649,042.00"
131,2024-07-29,394.90,400.00,374.00,377.00,-2.63,"296,529.00","113,744,206.10"
132,2024-07-28,359.00,387.20,359.00,387.20,10.00,"671,424.00","255,583,871.90"
133,2024-07-25,337.50,354.00,337.00,352.00,3.07,"222,739.00","77,525,495.90"
134,2024-07-24,343.00,347.00,337.20,341.50,-0.58,"194,863.00","66,541,531.30"
135,2024-07-23,330.00,350.00,324.00,343.50,4.09,"237,532.00","80,016,071.50"
136,2024-07-22,335.00,335.00,323.40,330.00,-1.49,"151,988.00","50,039,806.40"
137,2024-07-21,332.00,340.00,321.60,335.00,0.96,"304,300.00","101,808,123.40"
138,2024-07-18,314.10,340.00,309.00,331.80,5.67,"213,901.00","69,657,317.30"
139,2024-07-17,316.20,316.20,305.00,314.00,1.29,"147,540.00","45,815,225.80"
140,2024-07-16,299.00,320.00,288.80,310.00,5.44,"270,358.00","80,587,886.30"
141,2024-07-15,304.40,308.00,290.20,294.00,-1.51,"115,912.00","34,259,252.80"
142,2024-07-14,296.80,308.00,294.00,298.50,2.58,"113,142.00","33,735,563.70"
143,2024-07-11,288.10,291.80,286.00,291.00,1.57,"139,159.00","40,177,460.20"
144,2024-07-10,283.00,288.00,282.00,286.50,0.46,"42,559.00","12,128,099.30"
145,2024-07-09,286.10,287.50,278.00,285.20,1.68,"274,360.00","78,261,794.40"
146,2024-07-08,282.00,286.40,279.40,280.50,-0.21,"49,865.00","14,044,240.70"
147,2024-07-07,271.00,283.00,271.00,281.10,3.00,"106,759.00","29,570,800.60"
148,2024-07-04,270.00,275.00,267.10,272.90,0.70,"86,098.00","23,340,200.90"
149,2024-07-03,272.00,274.90,262.00,271.00,-0.37,"41,796.00","11,197,687.80"
150,2024-07-02,272.80,286.60,268.40,272.00,1.68,"87,848.00","23,953,893.40"
151,2024-07-01,256.00,268.00,256.00,267.50,3.28,"62,619.00","16,596,784.80"
152,2024-06-30,262.00,262.90,257.30,259.00,-0.77,"17,310.00","4,482,561.40"
153,2024-06-27,260.10,265.00,260.00,261.00,-0.76,"28,727.00","7,479,023.30"
154,2024-06-26,260.10,264.00,260.00,263.00,0.19,"7,484.00","1,963,148.10"
155,2024-06-25,266.00,267.00,261.00,262.50,-0.94,"22,605.00","5,952,486.80"
156,2024-06-24,265.20,286.00,257.10,265.00,1.92,"41,247.00","10,856,480.70"
157,2024-06-23,258.10,287.10,258.00,260.00,-0.38,"22,427.00","5,847,220.40"
158,2024-06-20,258.00,265.00,258.00,261.00,-0.76,"14,554.00","3,791,134.00"
159,2024-06-19,266.70,266.70,261.10,263.00,0.57,"8,129.00","2,129,622.10"
160,2024-06-18,267.90,267.90,261.50,261.50,-2.43,"19,809.00","5,224,418.50"
161,2024-06-16,270.00,270.00,261.20,268.00,0.75,"33,067.00","8,772,513.70"
162,2024-06-13,269.00,269.00,264.60,266.00,-1.12,"17,533.00","4,657,802.50"
163,2024-06-12,263.00,282.90,259.60,269.00,3.86,"35,200.00","9,303,155.40"
164,2024-06-11,259.00,261.00,254.00,259.00,1.97,"26,904.00","6,911,805.40"
165,2024-06-10,260.10,260.10,249.90,254.00,-0.39,"38,941.00","9,767,907.90"
166,2024-06-09,267.10,267.10,255.00,255.00,-2.63,"30,419.00","7,820,682.60"
167,2024-06-06,268.50,268.50,260.00,261.90,-0.80,"23,243.00","6,060,520.50"
168,2024-06-05,272.20,272.20,262.40,264.00,-1.09,"16,572.00","4,373,892.20"
169,2024-06-04,267.20,267.20,258.00,266.90,1.87,"39,795.00","10,462,244.80"
170,2024-06-03,270.30,270.30,261.20,262.00,-1.13,"26,425.00","6,961,479.20"
171,2024-06-02,264.90,265.60,258.10,265.00,1.53,"36,533.00","9,581,141.90"
172,2024-05-30,267.00,267.30,260.00,261.00,-3.33,"30,737.00","8,058,622.40"
173,2024-05-29,282.50,292.90,267.00,270.00,-2.53,"55,763.00","15,262,204.40"
174,2024-05-27,277.50,280.00,272.00,277.00,-0.18,"63,787.00","17,497,028.40"
175,2024-05-26,285.00,285.60,276.00,277.50,-0.89,"93,070.00","26,082,482.60"
176,2024-05-22,258.00,287.60,258.00,280.00,7.07,"168,134.00","45,697,872.80"
177,2024-05-21,266.30,266.30,260.10,261.50,0.15,"38,353.00","10,041,766.60"
178,2024-05-20,259.00,265.10,254.00,261.10,2.80,"147,012.00","38,457,283.50"
179,2024-05-19,245.90,260.10,242.00,254.00,5.35,"67,790.00","16,906,481.80"
180,2024-05-16,248.80,248.80,239.00,241.10,-1.19,"24,081.00","5,854,379.70"
181,2024-05-15,241.10,247.00,240.10,244.00,-0.41,"24,472.00","5,958,962.50"
182,2024-05-14,249.90,249.90,242.50,245.00,0.00,"13,509.00","3,314,731.60"
183,2024-05-13,243.70,246.00,235.00,245.00,2.51,"51,018.00","12,398,418.20"
184,2024-05-12,243.70,243.70,234.40,239.00,0.00,"14,870.00","3,514,468.30"
185,2024-05-09,236.80,241.50,233.10,239.00,2.58,"37,949.00","9,016,046.00"
186,2024-05-08,236.50,236.80,228.00,233.00,-1.73,"7,893.00","1,845,944.20"
187,2024-05-07,235.10,237.90,235.00,237.10,0.68,"20,390.00","4,815,076.20"
188,2024-05-06,239.80,240.00,235.00,235.50,-1.46,"22,081.00","5,213,374.20"
189,2024-05-05,238.00,240.00,234.50,239.00,-0.83,"22,003.00","5,207,394.70"
190,2024-05-02,244.80,244.80,238.00,241.00,0.42,"68,990.00","16,586,807.20"
191,2024-04-30,240.90,240.90,235.00,240.00,1.61,"35,982.00","8,592,327.40"
192,2024-04-29,240.20,240.20,232.00,236.20,0.30,"25,653.00","6,064,420.60"
193,2024-04-28,228.10,250.90,226.10,235.50,2.39,"30,349.00","6,992,774.20"
194,2024-04-25,229.00,232.90,227.50,230.00,0.22,"13,249.00","3,043,740.40"
195,2024-04-24,230.00,231.90,228.10,229.50,0.04,"18,242.00","4,195,411.40"
196,2024-04-22,234.00,235.00,229.00,229.40,-1.55,"20,603.00","4,769,306.50"
197,2024-04-21,227.80,234.00,225.00,233.00,4.30,"50,829.00","11,649,302.10"
198,2024-04-18,223.00,225.00,223.00,223.40,-0.09,"8,650.00","1,934,318.20"
199,2024-04-16,225.10,226.00,223.00,223.60,-0.62,"9,690.00","2,174,354.70"
200,2024-04-15,226.00,228.00,224.50,225.00,-0.49,"11,054.00","2,489,757.30"
201,2024-04-14,225.00,229.00,224.00,226.10,-0.40,"34,920.00","7,905,865.80"
202,2024-04-10,230.00,230.00,226.60,227.00,-0.22,"16,651.00","3,786,957.50"
203,2024-04-09,228.00,230.00,226.00,227.50,-0.22,"14,615.00","3,322,977.90"
204,2024-04-07,227.00,229.00,225.10,228.00,0.80,"23,508.00","5,305,895.70"
205,2024-04-04,226.10,227.50,226.00,226.20,-1.65,"16,873.00","3,818,198.60"
206,2024-04-03,230.00,230.00,226.00,230.00,0.88,"27,641.00","6,282,366.70"
207,2024-04-02,232.50,232.50,225.30,228.00,0.00,"14,167.00","3,206,644.70"
208,2024-04-01,228.00,230.00,225.00,228.00,-0.18,"29,683.00","6,717,812.70"
209,2024-03-31,228.00,232.00,227.40,228.40,-0.70,"12,071.00","2,773,438.30"
210,2024-03-28,234.70,234.70,228.40,230.00,-0.04,"17,792.00","4,089,951.50"
211,2024-03-27,233.50,234.40,228.50,230.10,-1.46,"35,243.00","8,108,945.80"
212,2024-03-26,234.00,235.00,231.20,233.50,0.00,"24,395.00","5,683,731.70"
213,2024-03-25,235.00,235.00,230.30,233.50,-0.64,"30,270.00","7,070,949.70"
214,2024-03-21,230.10,238.00,230.00,235.00,0.21,"18,890.00","4,432,653.00"
215,2024-03-20,239.00,239.00,230.20,234.50,0.04,"21,729.00","5,059,894.20"
216,2024-03-19,235.00,236.00,232.00,234.40,-0.26,"24,816.00","5,826,880.80"
217,2024-03-18,239.70,239.70,234.00,235.00,0.00,"21,615.00","5,097,592.90"
218,2024-03-17,233.00,235.00,230.00,235.00,0.64,"26,682.00","6,226,215.10"
219,2024-03-14,236.00,236.00,231.40,233.50,-1.06,"23,461.00","5,456,473.30"
220,2024-03-13,240.00,242.00,235.00,236.00,-1.54,"14,493.00","3,431,701.70"
221,2024-03-12,235.00,239.70,231.20,239.70,3.77,"34,642.00","8,161,336.30"
222,2024-03-10,232.60,236.00,228.00,231.00,1.27,"12,089.00","2,790,977.40"
223,2024-03-07,229.00,229.90,226.10,228.10,-0.09,"23,094.00","5,282,655.30"
224,2024-03-06,229.50,231.00,225.50,228.30,-0.52,"22,025.00","5,043,571.30"
225,2024-03-05,242.10,242.10,228.60,229.50,-3.33,"22,320.00","5,174,348.40"
226,2024-03-04,228.00,237.40,228.00,237.40,5.98,530.00,"121,182.00"
227,2024-03-03,230.00,230.00,223.00,224.00,-0.80,"14,194.00","3,184,330.90"
228,2024-02-29,227.00,228.00,225.10,225.80,-0.96,"16,986.00","3,847,648.70"
229,2024-02-28,231.00,231.00,226.20,228.00,0.44,"10,145.00","2,304,421.20"
230,2024-02-27,226.20,229.90,226.00,227.00,-0.44,"15,986.00","3,624,302.00"
231,2024-02-26,228.00,230.00,225.10,228.00,0.40,"14,222.00","3,226,207.80"
232,2024-02-25,230.00,230.00,227.10,227.10,-0.83,"22,617.00","5,165,066.50"
233,2024-02-22,230.00,232.00,228.90,229.00,-0.56,"15,542.00","3,566,557.90"
234,2024-02-21,233.00,234.40,229.30,230.30,0.13,"11,891.00","2,743,350.10"
235,2024-02-20,230.00,234.50,230.00,230.00,-0.26,"31,788.00","7,349,419.20"
236,2024-02-18,233.00,235.90,230.00,230.60,-2.58,"48,129.00","11,105,439.70"
237,2024-02-15,230.10,236.70,230.00,236.70,1.59,"42,526.00","9,956,723.20"
238,2024-02-14,232.00,235.00,230.10,233.00,0.73,"19,694.00","4,575,045.80"
239,2024-02-13,238.00,238.00,231.30,231.30,-2.82,"23,082.00","5,401,946.50"
240,2024-02-12,237.20,239.00,235.20,238.00,0.51,"17,401.00","4,122,720.10"
241,2024-02-11,240.00,240.00,233.60,236.80,-2.15,"42,535.00","10,079,327.60"
242,2024-02-08,239.00,242.00,239.00,242.00,0.41,"19,510.00","4,706,656.80"
243,2024-02-07,245.50,245.50,239.00,241.00,0.12,"22,381.00","5,380,378.90"
244,2024-02-06,244.90,244.90,240.00,240.70,-0.54,"12,116.00","2,916,847.40"
245,2024-02-05,240.00,242.50,239.00,242.00,0.62,"19,382.00","4,662,138.50"
246,2024-02-04,245.00,245.00,239.20,240.50,0.00,"21,433.00","5,149,031.60"
247,2024-02-01,242.00,242.50,240.10,240.50,-1.11,"18,935.00","4,566,695.20"
248,2024-01-31,245.00,247.40,243.20,243.20,-0.94,"16,597.00","4,046,904.80"
249,2024-01-30,249.50,249.50,244.50,245.50,-0.41,"17,528.00","4,295,121.00"
250,2024-01-29,249.50,249.50,245.10,246.50,0.61,"22,283.00","5,496,052.80"
